Product Name,Use Case Name
APPLICATION CENTRIC INFRASTRUCTURE,DISTRIBUTED NETWORKING
APPLICATION CENTRIC INFRASTRUCTURE,NETWORK PROVISIONING AND OPERATIONS
CATALYST CENTER,CAMPUS NETWORK AUTOMATION
CATALYST CENTER,CAMPUS NETWORK OBSERVABILITY AND INSIGHTS
CATALYST CENTER,CAMPUS NETWORK PROGRAMMABILITY AND INTEGRATIONS
CATALYST CENTER,CAMPUS NETWORK SEGMENTATION
CATALYST CENTER,CAMPUS NETWORK VISIBILITY
CATALYST CENTER,CLOUD MONITORING FOR CATALYST
CATALYST CENTER,INTERNET AND CLOUD VISIBILITY
CATALYST SD-WAN,MULTICLOUD CONNECTIVITY
CATALYST SD-WAN,SD-ROUTING
CATALYST SD-WAN,SECURE AUTOMATED WAN
CATALYST SD-WAN,SECURE DIRECT INTERNET ACCESS
CATALYST SD-WAN,WAN DIGITAL TRANSFORMATION ONRAMP
CISCO APPDYNAMICS,ADVANCED APPLICATION PERFORMANCE MONITORING
CISCO APPDYNAMICS,APPLICATION SECURITY
CISCO APPDYNAMICS,HYBRID APPLICATION MONITORING
CISCO SPACES,LOCATION BASED INTELLIGENCE
CISCO THOUSANDEYES,CUSTOMER DIGITAL EXPERIENCE MONITORING
HYPERFLEX,HYPERCONVERGED INFRASTRUCTURE
IDENTITY SERVICES ENGINE,NETWORK ACCESS CONTROL
INTERSIGHT,SIMPLIFIED OPERATIONS
MERAKI,FOUNDATIONAL NETWORKING AND SECURITY FOR MERAKI
MERAKI,PROGRAMMABILITY AND INTEGRATIONS FOR MERAKI
NEXUS DASHBOARD,DATA CENTER NETWORK OPERATIONS
NEXUS DASHBOARD FABRIC CONTROLLER (FORMERLY DCNM),DISTRIBUTED NETWORKING WITH NDFC (DCNM)
NEXUS DASHBOARD FABRIC CONTROLLER (FORMERLY DCNM),FABRIC PROVISIONING AND OPERATIONS WITH NDFC (DCNM)
NEXUS DASHBOARD FABRIC CONTROLLER (FORMERLY DCNM),SOFTWARE IMAGE MANAGEMENT WITH NDFC (DCNM)
PROVIDER CONNECTIVITY ASSURANCE,ASSURANCE ANALYTICS ADVANTAGE
SECURE FIREWALL,DATA CENTER FIREWALL OPERATIONS
SECURE FIREWALL,INTERNET EDGE PROTECTION
SECURE NETWORK ANALYTICS,NETWORK SECURITY ANALYTICS
